<?xml version="1.0" encoding="UTF-8"?>
<project-private xmlns="http://www.netbeans.org/ns/project-private/1">
    <editor-bookmarks xmlns="http://www.netbeans.org/ns/editor-bookmarks/2" lastBookmarkId="0"/>
    <open-files xmlns="http://www.netbeans.org/ns/projectui-open-files/2">
        <group>
            <file>file:/C:/Users/91995/OneDrive/Documents/NetBeansProjects/java_proj_fxml/src/java_proj_fxml/Main2.java</file>
            <file>file:/C:/Users/91995/OneDrive/Documents/NetBeansProjects/java_proj_fxml/src/java_proj_fxml/Review.java</file>
            <file>file:/C:/Users/91995/OneDrive/Documents/NetBeansProjects/java_proj_fxml/src/java_proj_fxml/LoginApp.java</file>
            <file>file:/C:/Users/91995/OneDrive/Documents/NetBeansProjects/java_proj_fxml/src/java_proj_fxml/Checkout.java</file>
            <file>file:/C:/Users/91995/OneDrive/Documents/NetBeansProjects/java_proj_fxml/src/java_proj_fxml/Restaurant.java</file>
            <file>file:/C:/Users/91995/OneDrive/Documents/NetBeansProjects/java_proj_fxml/src/java_proj_fxml/FoodItemsGui.java</file>
            <file>file:/C:/Users/91995/OneDrive/Documents/NetBeansProjects/java_proj_fxml/src/java_proj_fxml/UserRegistrationApp.java</file>
            <file>file:/C:/Users/91995/OneDrive/Documents/NetBeansProjects/java_proj_fxml/src/java_proj_fxml/MainDashboard.java</file>
            <file>file:/C:/Users/91995/OneDrive/Documents/NetBeansProjects/java_proj_fxml/src/java_proj_fxml/Java_proj_fxml.java</file>
            <file>file:/C:/Users/91995/OneDrive/Documents/NetBeansProjects/java_proj_fxml/src/java_proj_fxml/Main.java</file>
            <file>file:/C:/Users/91995/OneDrive/Documents/NetBeansProjects/java_proj_fxml/src/java_proj_fxml/startPage.java</file>
        </group>
    </open-files>
</project-private>
